{"phones": ["AA0", "AA1", "AA2", "AE0", "AE1", "AE2", "AH0", "AH1", "AH2", "AO0", "AO1", "AO2", "AW0", "AW1", "AW2", "AY0", "AY1", "AY2", "B", "CH", "D", "DH", "EH0", "EH1", "EH2", "ENG", "ER0", "ER1", "ER2", "EY0", "EY1", "EY2", "F", "G", "HH", "IH0", "IH1", "IH2", "IY0", "IY1", "IY2", "JH", "K", "L", "M", "N", "NG", "OW0", "OW1", "OW2", "OY0", "OY1", "OY2", "P", "R", "S", "SH", "T", "TH", "UH0", "UH1", "UH2", "UW0", "UW1", "UW2", "V", "W", "Y", "Z", "ZH", "a", "a1", "a2", "a3", "a4", "ai1", "ai2", "ai3", "ai4", "an1", "an2", "an3", "an4", "ang", "ang1", "ang2", "ang3", "ang4", "ao1", "ao2", "ao3", "ao4", "b", "c", "ch", "d", "e", "e1", "e2", "e3", "e4", "ei", "ei1", "ei2", "ei3", "ei4", "en", "en1", "en2", "en3", "en4", "eng1", "eng2", "eng3", "eng4", "er", "er2", "er3", "er4", "f", "g", "h", "i", "i1", "i2", "i3", "i4", "ia", "ia1", "ia2", "ia3", "ia4", "ian1", "ian2", "ian3", "ian4", "iang1", "iang2", "iang3", "iang4", "iao1", "iao2", "iao3", "iao4", "ie1", "ie2", "ie3", "ie4", "in1", "in2", "in3", "in4", "ing1", "ing2", "ing3", "ing4", "iong1", "iong2", "iong3", "iu1", "iu2", "iu3", "iu4", "j", "k", "l", "m", "m2", "n", "n2", "o", "o1", "o2", "o3", "o4", "ong1", "ong2", "ong3", "ong4", "ou", "ou1", "ou2", "ou3", "ou4", "p", "q", "r", "s", "sh", "t", "u1", "u2", "u3", "u4", "ua1", "ua2", "ua3", "ua4", "uai1", "uai2", "uai3", "uai4", "uan1", "uan2", "uan3", "uan4", "uang1", "uang2", "uang3", "uang4", "ue1", "ue2", "ue3", "ue4", "ui1", "ui2", "ui3", "ui4", "un1", "un2", "un3", "un4", "uo", "uo1", "uo2", "uo3", "uo4", "v2", "v3", "v4", "ve4", "w", "x", "y", "z", "zh"], "version": "2.0.6", "architecture": "gmm-hmm", "train_date": "2024-05-14 08:29:33.634363", "training": {"audio_duration": 1999417.10800003, "num_speakers": 350, "num_utterances": 349797, "num_oovs": 0, "average_log_likelihood": -0.01343472666830461}, "dictionaries": {"names": ["mfa_dict2"], "default": "mfa_dict2", "silence_word": "<eps>", "use_g2p": false, "oov_word": "<unk>", "bracketed_word": "[bracketed]", "laughter_word": "[laughter]", "position_dependent_phones": true, "clitic_marker": "'"}, "features": {"type": "mfcc", "use_energy": false, "frame_shift": 10, "frame_length": 25, "snip_edges": true, "low_frequency": 20, "high_frequency": 7800, "sample_frequency": 16000, "allow_downsample": true, "allow_upsample": true, "uses_cmvn": true, "uses_deltas": true, "uses_voiced": false, "uses_splices": false, "uses_speaker_adaptation": true, "use_pitch": false, "min_f0": 50, "max_f0": 500, "delta_pitch": 0.005, "penalty_factor": 0.1}, "oov_phone": "spn", "optional_silence_phone": "sil", "phone_set_type": "UNKNOWN", "silence_probability": 0.5, "initial_silence_probability": 0.5, "final_silence_correction": null, "final_non_silence_correction": null}